{"cameraMode":{"drawMode":0,"name":"Shaded","section":"Shading Mode"},"sceneLighting":false,"audioPlay":false,"sceneViewState":{"showFog":true,"showMaterialUpdate":false,"showSkybox":false,"showFlares":true,"showImageEffects":true,"showParticleSystems":true},"in2DMode":false,"pivot":{"x":-0.36104434728622439,"y":0.48474374413490298,"z":-3.5478711128234865},"rotation":{"x":-0.3058300316333771,"y":-0.0008597451378591359,"z":0.00027580332243815064,"w":-0.9520873427391052},"size":1.554861068725586,"orthographic":false}