{"cameraMode":{"drawMode":0,"name":"Shaded","section":"Shading Mode"},"sceneLighting":false,"audioPlay":false,"sceneViewState":{"showFog":true,"showMaterialUpdate":false,"showSkybox":false,"showFlares":true,"showImageEffects":true,"showParticleSystems":true},"in2DMode":false,"pivot":{"x":395.2499694824219,"y":205.0,"z":1.5557069778442383},"rotation":{"x":-0.02549310214817524,"y":-0.017992718145251275,"z":-0.00045878905802965164,"w":0.9995154142379761},"size":445.3258972167969,"orthographic":true}