{"cameraMode":{"drawMode":0,"name":"Shaded","section":"Shading Mode"},"sceneLighting":false,"audioPlay":false,"sceneViewState":{"showFog":true,"showMaterialUpdate":false,"showSkybox":false,"showFlares":true,"showImageEffects":true,"showParticleSystems":true},"in2DMode":false,"pivot":{"x":0.35293933749198916,"y":0.6937294006347656,"z":-0.4490744471549988},"rotation":{"x":0.037785328924655917,"y":0.9621250629425049,"z":-0.18403767049312592,"w":0.1975369155406952},"size":3.3639163970947267,"orthographic":false}