{"cameraMode":{"drawMode":0,"name":"Shaded","section":"Shading Mode"},"sceneLighting":false,"audioPlay":false,"sceneViewState":{"showFog":true,"showMaterialUpdate":false,"showSkybox":false,"showFlares":true,"showImageEffects":true,"showParticleSystems":true},"in2DMode":false,"pivot":{"x":-0.024166792631149293,"y":0.6580290794372559,"z":-8.940696716308594e-8},"rotation":{"x":-0.345245897769928,"y":0.00027940570726059377,"z":-0.00009439489804208279,"w":-0.9385175704956055},"size":2.8570761680603029,"orthographic":false}