{"cameraMode":{"drawMode":0,"name":"Shaded","section":"Shading Mode"},"sceneLighting":true,"audioPlay":false,"sceneViewState":{"showFog":true,"showMaterialUpdate":false,"showSkybox":true,"showFlares":true,"showImageEffects":true,"showParticleSystems":true},"in2DMode":false,"pivot":{"x":3.920816421508789,"y":3.284585952758789,"z":2.4205098152160646},"rotation":{"x":-0.345245897769928,"y":0.00027940570726059377,"z":-0.00009439489804208279,"w":-0.9385175704956055},"size":5.781792163848877,"orthographic":false}